Trip_Distance_km,Time_of_Day,Day_of_Week,Passenger_Count,Traffic_Conditions,Weather,Trip_Price
19.35,Morning,Weekday,3.0,Low,Clear,36.2624
36.87,Evening,Weekend,1.0,High,Clear,52.9032
8.64,Afternoon,Weekend,2.0,Medium,Clear,60.2028
41.79,Night,Weekend,3.0,High,Clear,88.13279999999999
9.91,Evening,Weekday,2.0,High,Clear,28.9914
9.99,Night,Weekday,4.0,High,Clear,27.4415
15.91,Morning,Weekday,4.0,Low,Clear,56.716
26.71,Afternoon,Weekend,4.0,Low,Rain,69.0049
30.98,Afternoon,Weekend,1.0,Low,Rain,44.7782
105.94355003672597,Night,Weekend,2.0,Low,Rain,201.869509186128
18.95,Night,Weekday,1.0,Low,Clear,39.2366
138.09832791310237,Evening,Weekend,4.0,Medium,Rain,280.87730155406564
3.28,Evening,Weekday,2.0,Medium,Clear,24.260800000000003
30.77,Morning,Weekday,1.0,Low,Clear,58.8121
9.36,Afternoon,Weekday,1.0,Medium,Clear,20.7765
48.32,Morning,Weekday,2.0,Low,Clear,61.5552
40.61,Afternoon,Weekday,1.0,Low,Clear,54.1018
5.79,Evening,Weekday,4.0,Low,Clear,40.9225
6.98,Afternoon,Weekend,2.0,Low,Clear,20.791
25.26,Evening,Weekday,2.0,High,Clear,57.0482
2.69,Afternoon,Weekday,4.0,Low,Clear,42.9921
33.46,Afternoon,Weekend,2.0,Low,Rain,30.9982
26.48,Morning,Weekend,3.0,Medium,Clear,44.844
27.79,Evening,Weekday,2.0,Low,Clear,44.1197
10.06,Morning,Weekday,2.0,Medium,Rain,20.1596
38.98,Afternoon,Weekday,3.0,Low,Clear,57.0766
44.85,Evening,Weekend,1.0,Medium,Rain,41.9343
30.3,Night,Weekend,1.0,Low,Clear,72.2695
46.17,Afternoon,Weekday,4.0,Medium,Clear,99.8989
3.22,Afternoon,Weekday,3.0,Low,Rain,37.1504
16.94,Afternoon,Weekday,3.0,Medium,Snow,78.715
14.3,Night,Weekday,3.0,High,Clear,59.181
18.48,Afternoon,Weekday,4.0,Medium,Clear,69.6575
146.0670471598387,Afternoon,Weekday,2.0,Medium,Clear,320.958663578238
27.59,Evening,Weekend,1.0,Medium,Rain,61.459500000000006
7.91,Morning,Weekday,4.0,Medium,Clear,68.3748
40.31,Morning,Weekday,4.0,Medium,Clear,71.2142
38.84,Morning,Weekend,2.0,Low,Clear,69.52810000000001
1.27,Morning,Weekday,2.0,High,Clear,11.3358
35.64,Night,Weekend,1.0,High,Rain,36.4388
38.79,Afternoon,Weekday,2.0,Low,Clear,104.2421
6.68,Night,Weekend,2.0,Medium,Clear,16.9284
43.29,Evening,Weekday,1.0,Medium,Rain,94.2463
31.54,Morning,Weekday,2.0,High,Clear,87.6076
17.21,Afternoon,Weekday,2.0,Low,Rain,42.8661
4.11,Evening,Weekend,2.0,High,Rain,11.2613
16.93,Afternoon,Weekday,4.0,Low,Snow,42.9949
36.75,Afternoon,Weekday,2.0,Medium,Clear,76.2217
44.47,Night,Weekend,1.0,Low,Clear,59.761300000000006
6.86,Night,Weekend,2.0,High,Clear,29.4658
35.95,Afternoon,Weekend,4.0,Low,Clear,40.4165
28.5,Afternoon,Weekday,1.0,Medium,Clear,105.9418
26.61,Morning,Weekday,4.0,Low,Rain,33.0286
21.95,Morning,Weekday,3.0,Medium,Clear,27.865
32.18,Night,Weekday,2.0,Medium,Rain,62.4923
25.92,Night,Weekday,3.0,Low,Clear,58.7766
45.47,Night,Weekend,4.0,Low,Rain,73.4155
13.22,Morning,Weekday,2.0,Low,Rain,31.99
21.11,Afternoon,Weekend,4.0,High,Rain,34.3067
112.8309582902826,Afternoon,Weekday,2.0,High,Snow,233.00828520738887
102.74755620694734,Evening,Weekday,2.0,Medium,Clear,274.53508679715014
46.56,Morning,Weekday,3.0,Low,Clear,99.8038
40.6,Afternoon,Weekend,3.0,Medium,Clear,29.532000000000004
32.04,Afternoon,Weekday,3.0,Low,Clear,30.446
10.14,Evening,Weekday,3.0,High,Rain,19.974400000000003
27.43,Morning,Weekend,4.0,Low,Rain,52.7821
40.56,Evening,Weekend,3.0,Medium,Rain,82.0828
44.91,Night,Weekday,1.0,Low,Rain,63.0611
6.39,Evening,Weekday,4.0,High,Clear,51.6275
12.17,Afternoon,Weekend,4.0,Low,Rain,25.4826
26.03,Morning,Weekday,2.0,Medium,Clear,76.20850000000002
21.45,Evening,Weekday,2.0,Medium,Clear,53.056
6.87,Morning,Weekday,2.0,Medium,Rain,14.935
17.54,Morning,Weekday,2.0,Low,Rain,50.696
16.84,Morning,Weekend,2.0,Medium,Snow,30.942000000000004
26.42,Evening,Weekday,3.0,High,Clear,75.22040000000001
18.82,Afternoon,Weekday,2.0,Low,Rain,22.8766
48.62,Afternoon,Weekend,1.0,Low,Rain,67.2293
109.61608204688008,Afternoon,Weekday,4.0,High,Clear,327.21766546350466
14.96,Morning,Weekday,1.0,Medium,Rain,28.5862
2.81,Evening,Weekend,3.0,Low,Rain,27.4942
30.87,Evening,Weekday,4.0,Medium,Clear,76.4286
3.52,Evening,Weekday,4.0,Medium,Rain,29.4228
45.51,Evening,Weekday,1.0,Medium,Clear,36.4958
12.74,Evening,Weekday,4.0,Low,Rain,35.357200000000006
8.1,Afternoon,Weekend,1.0,High,Clear,14.6127
24.98,Afternoon,Weekend,3.0,Low,Rain,52.5934
49.3,Afternoon,Weekday,2.0,Low,Clear,63.866
12.86,Evening,Weekday,1.0,Low,Clear,39.5698
38.32,Evening,Weekday,1.0,Medium,Clear,52.6453
19.02,Evening,Weekday,2.0,Medium,Clear,35.0028
5.42,Morning,Weekday,3.0,Medium,Rain,30.318
41.93,Evening,Weekend,4.0,Medium,Rain,87.6519
3.0,Morning,Weekday,2.0,Low,Clear,19.6645
29.95,Morning,Weekday,2.0,Medium,Clear,48.7802
1.81,Night,Weekday,1.0,Low,Rain,12.5567
34.86,Evening,Weekday,4.0,Low,Clear,62.895
17.71,Night,Weekday,4.0,Medium,Clear,31.829600000000003
6.56,Afternoon,Weekday,3.0,Low,Clear,39.4174
43.99,Night,Weekday,2.0,Low,Clear,66.5363
13.64,Morning,Weekday,4.0,Medium,Rain,29.5606
33.34,Night,Weekend,1.0,Medium,Clear,51.2721
41.04,Afternoon,Weekend,1.0,High,Clear,63.522400000000005
28.2,Morning,Weekend,2.0,Low,Clear,37.086
17.61,Morning,Weekday,1.0,Low,Clear,58.257000000000005
44.47,Evening,Weekday,2.0,High,Clear,95.1969
39.21,Morning,Weekday,2.0,Low,Snow,54.6348
8.92,Morning,Weekday,3.0,Low,Clear,28.4048
45.03,Afternoon,Weekday,1.0,High,Clear,53.2857
5.97,Afternoon,Weekday,4.0,Medium,Rain,44.95569999999999
8.88,Night,Weekend,4.0,High,Clear,59.96039999999999
34.9,Afternoon,Weekend,3.0,Medium,Clear,44.1375
16.94,Morning,Weekend,4.0,Low,Clear,25.662
37.58,Afternoon,Weekday,4.0,Low,Snow,86.22719999999998
42.61,Morning,Weekday,3.0,Low,Rain,72.86829999999999
33.22,Night,Weekend,1.0,Low,Clear,70.5816
130.80900130744172,Afternoon,Weekday,1.0,High,Clear,328.8717691378544
48.68,Afternoon,Weekday,4.0,Low,Rain,58.9584
20.26,Morning,Weekday,3.0,Low,Rain,23.0728
31.93,Afternoon,Weekday,1.0,Medium,Clear,71.4247
39.95,Evening,Weekend,3.0,Low,Clear,59.828
29.27,Morning,Weekend,4.0,Medium,Rain,62.982
25.13,Morning,Weekend,4.0,Medium,Rain,53.2792
14.76,Evening,Weekend,3.0,Medium,Clear,55.71979999999999
2.19,Afternoon,Weekday,1.0,Medium,Clear,6.472899999999999
32.63,Night,Weekday,1.0,Medium,Clear,35.8539
47.08,Evening,Weekend,1.0,High,Rain,65.587
47.74,Evening,Weekday,3.0,High,Clear,44.733
45.83,Evening,Weekday,4.0,Medium,Clear,88.1462
19.14,Evening,Weekend,2.0,Low,Snow,41.6946
46.49,Afternoon,Weekday,3.0,Low,Clear,118.0321
21.98,Morning,Weekday,1.0,Medium,Clear,41.2036
48.22,Night,Weekday,3.0,Medium,Clear,105.144
15.43,Evening,Weekday,2.0,High,Clear,29.0991
16.53,Morning,Weekend,4.0,Medium,Clear,21.4931
9.31,Afternoon,Weekend,2.0,Low,Rain,32.415000000000006
28.28,Afternoon,Weekday,2.0,Low,Rain,77.5496
46.87,Morning,Weekday,4.0,Low,Clear,92.6832
35.11,Afternoon,Weekday,3.0,Low,Rain,70.2411
28.93,Morning,Weekday,2.0,Medium,Clear,74.5744
5.76,Afternoon,Weekday,2.0,High,Snow,19.3694
37.3,Morning,Weekday,3.0,Low,Snow,107.7025
116.196063616616,Afternoon,Weekend,4.0,Medium,Clear,206.69956969976877
139.06223019422194,Afternoon,Weekday,2.0,Low,Rain,276.84059674137075
40.66,Afternoon,Weekday,2.0,Medium,Clear,41.4292
43.49,Evening,Weekday,1.0,Low,Clear,79.6245
45.75,Morning,Weekday,3.0,Medium,Rain,50.5038
32.85,Night,Weekday,4.0,Medium,Clear,54.4414
39.99,Afternoon,Weekday,2.0,High,Clear,39.538
17.56,Evening,Weekday,1.0,Low,Clear,36.0458
29.34,Afternoon,Weekday,2.0,High,Clear,82.3678
23.81,Morning,Weekend,1.0,Medium,Rain,63.1719
15.04,Morning,Weekday,1.0,Low,Clear,33.4311
29.95,Morning,Weekday,4.0,High,Clear,69.47070000000001
2.83,Morning,Weekday,1.0,Low,Snow,8.920300000000001
18.65,Afternoon,Weekday,1.0,Medium,Clear,54.49459999999999
7.23,Evening,Weekday,1.0,Low,Clear,33.7491
26.59,Morning,Weekday,2.0,Medium,Clear,34.2597
11.58,Morning,Weekday,3.0,Low,Rain,26.9202
5.18,Evening,Weekday,2.0,Medium,Clear,21.7323
3.53,Morning,Weekend,1.0,Low,Clear,16.1211
145.74705994904548,Morning,Weekday,3.0,High,Rain,325.0989498083767
32.23,Afternoon,Weekday,3.0,High,Clear,70.5144
48.82,Evening,Weekday,2.0,High,Clear,99.5104
26.3,Evening,Weekday,2.0,Medium,Clear,65.9299
16.82,Evening,Weekday,4.0,Low,Snow,65.1668
39.96,Afternoon,Weekday,4.0,Low,Clear,45.782
2.24,Afternoon,Weekday,1.0,Low,Clear,19.9412
41.96,Afternoon,Weekend,4.0,Low,Rain,68.65440000000001
21.04,Afternoon,Weekday,2.0,Low,Rain,34.726
8.67,Morning,Weekday,2.0,High,Rain,53.1349
13.26,Morning,Weekday,4.0,Medium,Clear,38.814400000000006
33.35,Evening,Weekday,1.0,High,Clear,74.59979999999999
18.44,Afternoon,Weekday,2.0,Low,Rain,48.027
1.71,Morning,Weekday,4.0,High,Clear,22.4347
3.0,Afternoon,Weekday,1.0,Low,Clear,8.729600000000001
42.92,Morning,Weekday,3.0,High,Clear,71.095
35.48,Afternoon,Weekday,3.0,Low,Clear,81.39859999999999
116.66768073006573,Morning,Weekday,2.0,High,Clear,248.29520891209057
5.79,Morning,Weekday,2.0,Medium,Clear,19.973
25.09,Morning,Weekend,2.0,Medium,Snow,73.5818
24.2,Afternoon,Weekday,1.0,Low,Snow,49.4676
9.49,Evening,Weekday,1.0,Medium,Clear,12.9998
31.18,Afternoon,Weekday,1.0,Medium,Clear,58.5727
32.12,Afternoon,Weekday,4.0,High,Rain,86.89770000000001
3.22,Afternoon,Weekday,1.0,Medium,Clear,32.151399999999995
19.36,Night,Weekday,1.0,Medium,Rain,38.3875
25.65,Evening,Weekday,2.0,Medium,Snow,48.4142
42.97,Afternoon,Weekend,4.0,Low,Clear,108.9734
4.46,Afternoon,Weekend,3.0,Medium,Clear,23.7068
32.48,Evening,Weekday,3.0,Low,Clear,41.65619999999999
47.07,Morning,Weekday,4.0,Medium,Rain,100.2662
29.2,Afternoon,Weekday,3.0,High,Rain,59.87539999999999
20.02,Night,Weekday,3.0,High,Clear,23.1614
32.52,Morning,Weekday,4.0,Medium,Rain,81.85180000000001
47.13,Evening,Weekday,4.0,Low,Clear,66.90710000000001
19.92,Morning,Weekday,4.0,Low,Clear,64.0787
45.36,Night,Weekday,3.0,Medium,Clear,54.436800000000005
4.4,Morning,Weekend,2.0,Low,Rain,16.834
5.94,Night,Weekday,3.0,Low,Clear,58.6618
1.89,Morning,Weekend,1.0,Low,Clear,6.1269
34.47,Afternoon,Weekday,1.0,High,Clear,41.834700000000005
4.49,Morning,Weekday,3.0,Low,Clear,45.75449999999999
2.14,Afternoon,Weekend,4.0,High,Clear,16.525599999999997
14.81,Afternoon,Weekend,1.0,Low,Rain,20.3458
6.79,Morning,Weekend,3.0,Medium,Clear,22.4883
35.14,Afternoon,Weekend,2.0,Medium,Clear,48.006600000000006
44.0,Morning,Weekday,3.0,Low,Clear,76.9996
40.37,Afternoon,Weekday,1.0,High,Rain,116.42059999999998
14.82,Evening,Weekday,4.0,High,Clear,31.609
9.69,Morning,Weekday,2.0,Medium,Clear,37.0004
37.78,Night,Weekend,2.0,Medium,Clear,40.9764
40.53,Afternoon,Weekday,1.0,Medium,Clear,58.6974
49.53,Morning,Weekday,2.0,Medium,Clear,68.9135
21.22,Morning,Weekday,2.0,Medium,Clear,73.21499999999999
19.23,Morning,Weekday,3.0,Medium,Clear,89.472
17.7,Afternoon,Weekend,1.0,Medium,Clear,27.174
46.61,Evening,Weekday,1.0,High,Clear,97.7908
37.97,Evening,Weekday,2.0,High,Rain,97.57659999999998
6.05,Morning,Weekday,3.0,Medium,Clear,24.4754
25.76,Morning,Weekday,3.0,High,Clear,36.7152
41.5,Evening,Weekday,3.0,Low,Clear,102.72459999999998
44.88,Afternoon,Weekday,1.0,Medium,Clear,68.4404
20.07,Evening,Weekday,2.0,Medium,Snow,32.155
47.55,Morning,Weekday,4.0,Low,Clear,123.928
47.58,Morning,Weekday,3.0,Low,Clear,74.8463
29.1,Morning,Weekday,4.0,High,Clear,30.698
22.97,Night,Weekend,2.0,Low,Rain,31.8132
5.47,Morning,Weekend,1.0,Medium,Clear,19.8829
25.23,Morning,Weekday,3.0,Low,Rain,51.0291
27.93,Night,Weekend,4.0,Low,Clear,34.4608
44.5,Night,Weekend,4.0,Medium,Clear,80.18099999999998
6.74,Evening,Weekend,4.0,Low,Rain,34.5311
38.31,Afternoon,Weekend,1.0,Low,Clear,40.2799
31.29,Afternoon,Weekend,1.0,Medium,Snow,46.8086
5.12,Morning,Weekend,4.0,Low,Clear,28.7693
35.35,Morning,Weekday,1.0,Medium,Clear,58.825
41.27,Evening,Weekday,1.0,Low,Clear,106.2963
5.16,Night,Weekday,2.0,Medium,Clear,26.6477
47.42,Morning,Weekday,2.0,Low,Rain,97.4848
37.92,Evening,Weekday,2.0,Medium,Rain,77.56840000000001
21.79,Evening,Weekday,2.0,High,Clear,31.7717
45.41,Afternoon,Weekday,2.0,Low,Clear,35.4031
6.45,Morning,Weekday,2.0,Low,Clear,33.5331
25.14,Night,Weekday,3.0,High,Rain,43.069700000000005
1.56,Afternoon,Weekday,4.0,High,Clear,34.2628
29.59,Afternoon,Weekday,3.0,Medium,Rain,49.36
48.15,Night,Weekday,2.0,Low,Clear,72.6627
19.37,Morning,Weekday,3.0,Medium,Clear,26.9741
15.0,Night,Weekday,3.0,Low,Snow,46.46469999999999
43.56,Afternoon,Weekday,3.0,Low,Rain,57.426100000000005
11.96,Evening,Weekday,2.0,Medium,Snow,41.71940000000001
3.11,Evening,Weekend,3.0,Low,Clear,12.1141
44.67,Afternoon,Weekend,2.0,Medium,Rain,61.09400000000001
26.86,Afternoon,Weekday,4.0,Low,Clear,55.1892
49.66,Afternoon,Weekend,4.0,High,Clear,72.969
48.5,Evening,Weekday,1.0,Low,Clear,114.9417
26.63,Afternoon,Weekend,1.0,Medium,Clear,35.08540000000001
31.84,Evening,Weekday,3.0,High,Snow,45.6194
107.78683195771164,Morning,Weekend,1.0,High,Clear,322.7259960920446
23.27,Afternoon,Weekend,2.0,Low,Clear,78.85079999999999
29.63,Afternoon,Weekday,3.0,High,Clear,56.345600000000005
3.23,Afternoon,Weekday,2.0,Low,Rain,27.1606
14.77,Afternoon,Weekend,4.0,Medium,Clear,54.42370000000001
31.39,Afternoon,Weekday,1.0,Low,Clear,36.0271
23.72,Afternoon,Weekday,3.0,Medium,Clear,52.9083
18.31,Afternoon,Weekday,1.0,Medium,Rain,42.6209
29.6,Afternoon,Weekday,2.0,Low,Clear,52.2336
4.81,Afternoon,Weekend,1.0,Low,Clear,46.1779
48.75,Afternoon,Weekend,2.0,Medium,Rain,61.1936
49.32,Evening,Weekday,1.0,Low,Clear,88.6814
35.21,Afternoon,Weekend,4.0,Medium,Clear,66.581
27.27,Afternoon,Weekend,3.0,High,Clear,47.996
8.97,Afternoon,Weekday,1.0,Low,Clear,25.5304
31.06,Evening,Weekday,4.0,Low,Clear,48.4496
21.49,Evening,Weekend,4.0,Low,Rain,54.4139
43.44,Morning,Weekday,1.0,Low,Clear,39.9195
2.29,Morning,Weekend,1.0,Low,Clear,13.9334
19.45,Afternoon,Weekday,1.0,High,Clear,24.0367
40.72,Evening,Weekday,2.0,High,Clear,63.3579
49.38,Morning,Weekday,1.0,Low,Clear,57.153000000000006
30.11,Morning,Weekday,3.0,Medium,Clear,54.1983
19.66,Night,Weekday,2.0,Low,Clear,84.873
42.26,Morning,Weekday,3.0,High,Rain,84.1558
42.08,Afternoon,Weekend,1.0,Medium,Rain,73.86349999999999
23.97,Morning,Weekday,1.0,High,Clear,45.2346
21.33,Morning,Weekday,1.0,Low,Clear,46.61750000000001
14.4,Afternoon,Weekend,2.0,Low,Clear,34.3543
43.37,Afternoon,Weekend,3.0,Low,Clear,56.61489999999999
40.83,Afternoon,Weekday,1.0,Medium,Clear,75.92699999999999
49.99,Afternoon,Weekend,3.0,Low,Clear,80.7619
139.476514583775,Evening,Weekday,1.0,Low,Clear,296.0886973121837
28.22,Morning,Weekday,3.0,High,Clear,55.7598
47.29,Morning,Weekend,1.0,High,Clear,97.75249999999998
13.12,Afternoon,Weekday,3.0,Medium,Snow,64.9824
23.08,Morning,Weekend,4.0,Medium,Rain,54.1212
7.33,Afternoon,Weekend,2.0,Medium,Rain,29.9765
30.7,Morning,Weekend,4.0,Low,Clear,44.5307
12.2,Afternoon,Weekend,1.0,Medium,Clear,35.284
33.91,Morning,Weekday,2.0,Medium,Clear,40.3595
6.56,Evening,Weekday,4.0,Low,Clear,32.0088
26.5,Morning,Weekday,1.0,High,Clear,77.4795
26.49,Night,Weekday,1.0,High,Clear,66.6318
42.76,Afternoon,Weekday,2.0,Medium,Rain,71.5568
28.04,Evening,Weekend,4.0,High,Clear,61.2568
7.57,Afternoon,Weekday,3.0,High,Clear,40.163
35.5,Afternoon,Weekend,2.0,Low,Rain,109.89649999999996
11.44,Morning,Weekend,1.0,Low,Rain,38.2552
7.68,Evening,Weekday,3.0,Medium,Clear,60.32639999999999
18.18,Evening,Weekday,2.0,High,Rain,46.316
45.3,Afternoon,Weekend,3.0,Medium,Rain,37.7718
18.06,Afternoon,Weekend,3.0,High,Clear,23.279
20.43,Evening,Weekday,2.0,Medium,Clear,52.6406
43.26,Morning,Weekday,4.0,Medium,Snow,77.8741
8.21,Morning,Weekend,3.0,Medium,Clear,46.49680000000001
46.4,Afternoon,Weekday,4.0,Low,Clear,101.9914
25.11,Afternoon,Weekday,4.0,Medium,Clear,59.3324
23.5,Morning,Weekday,4.0,Medium,Clear,36.9301
49.02,Afternoon,Weekend,4.0,Low,Clear,95.2278
25.14,Afternoon,Weekday,2.0,Medium,Rain,40.2186
7.32,Afternoon,Weekday,4.0,Medium,Clear,58.9867
8.44,Evening,Weekend,3.0,Low,Clear,41.30720000000001
32.4,Night,Weekend,4.0,Low,Clear,68.9296
9.91,Morning,Weekday,1.0,Medium,Rain,38.348600000000005
17.94,Morning,Weekday,1.0,High,Clear,58.0861
44.94,Evening,Weekday,1.0,Low,Clear,69.1938
9.44,Morning,Weekday,1.0,Low,Clear,12.6264
3.0,Evening,Weekday,2.0,Low,Clear,26.111700000000003
9.28,Morning,Weekday,3.0,Medium,Clear,38.447500000000005
14.65,Afternoon,Weekday,4.0,Medium,Clear,63.93
9.67,Morning,Weekend,4.0,Medium,Clear,32.7178
6.91,Morning,Weekday,3.0,Low,Clear,17.1693
23.58,Afternoon,Weekday,2.0,Medium,Clear,29.778
34.83,Afternoon,Weekday,3.0,Medium,Snow,79.71459999999999
2.93,Evening,Weekend,2.0,Medium,Snow,43.60339999999999
40.17,Afternoon,Weekday,2.0,Medium,Rain,93.1014
31.77,Afternoon,Weekday,4.0,Low,Clear,72.9137
5.01,Afternoon,Weekend,4.0,Low,Rain,29.055300000000003
43.81,Afternoon,Weekday,3.0,Medium,Clear,69.9316
46.12,Afternoon,Weekday,3.0,Low,Clear,102.4302
138.76388715029725,Night,Weekday,2.0,High,Clear,332.0436886774302
37.66,Evening,Weekday,4.0,Medium,Clear,87.5241
19.15,Afternoon,Weekday,2.0,Medium,Clear,38.9965
24.74,Night,Weekend,3.0,High,Clear,88.8816
19.08,Afternoon,Weekend,4.0,Medium,Clear,39.1976
23.66,Morning,Weekday,3.0,Medium,Clear,25.8856
13.37,Afternoon,Weekday,2.0,Low,Rain,50.2412
35.95,Evening,Weekday,2.0,Low,Clear,49.78730000000001
27.07,Evening,Weekday,1.0,Medium,Clear,31.2318
6.25,Night,Weekend,4.0,Medium,Snow,44.6322
12.88,Morning,Weekend,2.0,Low,Clear,43.9909
19.49,Night,Weekend,4.0,Medium,Rain,34.5781
44.64,Evening,Weekday,1.0,Medium,Rain,78.7809
39.67,Evening,Weekday,1.0,Medium,Clear,61.871
25.42,Evening,Weekday,4.0,Medium,Clear,54.7066
5.26,Morning,Weekday,1.0,Low,Clear,33.344
29.76,Morning,Weekday,3.0,Medium,Rain,62.7544
37.53,Afternoon,Weekday,4.0,Low,Rain,101.0292
22.15,Morning,Weekend,2.0,Low,Clear,32.985499999999995
14.91,Afternoon,Weekend,1.0,Medium,Clear,65.9698
18.79,Afternoon,Weekend,3.0,High,Rain,45.1726
28.97,Afternoon,Weekday,3.0,Medium,Clear,65.195
18.45,Afternoon,Weekday,4.0,Medium,Clear,85.4652
30.68,Night,Weekday,1.0,Medium,Clear,72.16069999999999
5.99,Night,Weekday,3.0,Medium,Clear,41.014300000000006
13.05,Morning,Weekday,1.0,Low,Clear,38.9635
8.87,Night,Weekday,3.0,Low,Clear,24.6913
9.5,Afternoon,Weekday,1.0,Low,Clear,29.2945
4.93,Evening,Weekend,1.0,Medium,Clear,9.9494
26.7,Evening,Weekday,4.0,Medium,Clear,50.789
21.11,Evening,Weekend,3.0,High,Clear,30.4015
49.14,Afternoon,Weekday,3.0,High,Rain,69.1972
20.49,Afternoon,Weekday,1.0,High,Clear,74.2598
43.41,Afternoon,Weekday,2.0,Low,Rain,58.0149
13.64,Night,Weekend,2.0,Medium,Rain,26.076
9.37,Afternoon,Weekday,1.0,Medium,Clear,20.3509
46.54,Morning,Weekday,2.0,Low,Rain,60.0264
28.28,Evening,Weekday,2.0,Medium,Rain,71.6404
14.72,Afternoon,Weekday,4.0,Medium,Clear,20.9951
38.71,Afternoon,Weekday,2.0,Medium,Rain,86.3545
16.86,Morning,Weekday,1.0,Medium,Clear,75.7144
21.85,Afternoon,Weekday,3.0,High,Rain,32.5735
12.88,Morning,Weekday,4.0,Medium,Rain,32.2622
6.63,Afternoon,Weekend,4.0,Medium,Clear,40.8036
30.92,Morning,Weekday,4.0,Low,Rain,46.5931
15.14,Morning,Weekday,3.0,Low,Rain,46.61319999999999
24.58,Afternoon,Weekend,1.0,Medium,Clear,58.59289999999999
3.54,Afternoon,Weekend,2.0,Low,Snow,20.2324
17.49,Afternoon,Weekday,2.0,Low,Clear,61.8896
4.11,Afternoon,Weekend,4.0,Low,Snow,51.6226
49.51,Morning,Weekend,2.0,Medium,Clear,46.207800000000006
13.48,Afternoon,Weekday,3.0,Low,Rain,38.769
21.18,Afternoon,Weekday,2.0,Low,Rain,46.1432
18.09,Morning,Weekday,4.0,Medium,Clear,19.2698
46.55,Night,Weekday,3.0,High,Clear,83.375
48.29,Afternoon,Weekend,3.0,Medium,Rain,104.1555
36.81,Morning,Weekday,2.0,Low,Clear,78.95210000000002
46.98,Morning,Weekend,4.0,Low,Clear,101.6666
9.88,Morning,Weekend,1.0,Medium,Clear,25.8142
37.31,Morning,Weekday,2.0,High,Clear,54.9343
29.15,Afternoon,Weekday,2.0,Medium,Clear,81.9816
39.97,Night,Weekday,3.0,Medium,Rain,47.846900000000005
9.05,Afternoon,Weekend,2.0,Medium,Clear,19.1069
40.91,Afternoon,Weekday,1.0,Medium,Clear,57.53359999999999
33.59,Afternoon,Weekday,1.0,Low,Rain,69.7245
43.98,Evening,Weekend,4.0,Low,Clear,72.8562
23.67,Evening,Weekday,1.0,Medium,Snow,62.2353
37.63,Evening,Weekday,4.0,Medium,Clear,38.6058
25.63,Morning,Weekday,3.0,Medium,Rain,59.886
12.38,Afternoon,Weekday,2.0,Medium,Rain,29.9606
19.81,Morning,Weekday,3.0,Low,Rain,43.8544
45.42,Evening,Weekend,3.0,Medium,Clear,50.89789999999999
6.73,Afternoon,Weekday,4.0,Low,Clear,20.0083
47.05,Morning,Weekday,4.0,Low,Snow,128.6549
31.76,Morning,Weekday,3.0,Low,Clear,34.952
7.82,Night,Weekend,2.0,Low,Rain,36.1464
39.91,Evening,Weekday,4.0,Medium,Clear,75.4875
31.38,Night,Weekday,4.0,High,Clear,28.6304
27.14,Afternoon,Weekend,2.0,Medium,Clear,31.4354
44.8,Morning,Weekend,1.0,Low,Clear,108.2325
39.64,Afternoon,Weekday,4.0,Medium,Rain,57.3952
13.18,Morning,Weekday,4.0,Medium,Clear,55.86
37.45,Afternoon,Weekday,4.0,Low,Clear,32.2063
2.64,Morning,Weekday,1.0,Medium,Snow,51.2833
28.92,Afternoon,Weekend,1.0,Medium,Clear,22.5469
38.36,Evening,Weekday,3.0,Medium,Clear,49.3168
41.24,Afternoon,Weekday,1.0,High,Clear,60.92600000000001
42.48,Evening,Weekday,4.0,High,Clear,96.7288
8.35,Afternoon,Weekday,4.0,Medium,Clear,36.5375
12.23,Afternoon,Weekday,4.0,Medium,Clear,25.9025
32.42,Evening,Weekday,4.0,Low,Clear,49.852
35.0,Morning,Weekday,2.0,Low,Snow,64.2861
27.59,Night,Weekend,1.0,Medium,Clear,75.27289999999999
9.9,Afternoon,Weekend,3.0,Medium,Clear,45.4312
45.51,Evening,Weekday,4.0,Medium,Rain,100.305
29.59,Afternoon,Weekend,4.0,High,Snow,64.73160000000001
25.79,Afternoon,Weekday,2.0,Medium,Clear,30.5797
30.96,Afternoon,Weekday,2.0,High,Clear,53.9468
43.73,Morning,Weekday,4.0,Low,Clear,138.6425
35.14,Morning,Weekend,2.0,Medium,Clear,53.550900000000006
35.65,Night,Weekend,4.0,Low,Rain,43.8543
8.47,Evening,Weekend,2.0,High,Clear,25.4565
30.73,Morning,Weekend,3.0,Medium,Rain,72.553
46.78,Afternoon,Weekend,3.0,Medium,Clear,90.7801
46.35,Morning,Weekday,1.0,Medium,Clear,68.52850000000001
6.55,Morning,Weekend,3.0,Medium,Rain,21.6555
49.26,Afternoon,Weekday,4.0,Low,Clear,109.4304
42.11,Evening,Weekday,1.0,High,Clear,67.3902
7.11,Morning,Weekday,2.0,Low,Rain,20.2751
26.42,Night,Weekend,3.0,Low,Clear,60.7394
29.97,Morning,Weekday,3.0,Medium,Clear,64.86420000000001
20.55,Evening,Weekday,3.0,Low,Snow,53.16
3.68,Afternoon,Weekday,3.0,Medium,Clear,43.224
17.42,Afternoon,Weekday,4.0,Medium,Clear,62.0624
40.34,Morning,Weekend,1.0,Medium,Clear,43.31230000000001
20.51,Evening,Weekday,3.0,Medium,Snow,50.07450000000001
27.33,Afternoon,Weekday,4.0,High,Clear,22.0141
46.07,Afternoon,Weekend,3.0,High,Clear,87.7201
17.97,Morning,Weekend,3.0,Low,Clear,33.3599
37.14,Evening,Weekday,3.0,Low,Clear,52.0972
23.17,Afternoon,Weekday,2.0,Low,Clear,78.1988
7.9,Afternoon,Weekday,3.0,Medium,Clear,42.1098
25.42,Evening,Weekday,4.0,Low,Snow,49.1871
18.76,Afternoon,Weekday,2.0,High,Clear,53.4536
33.51,Afternoon,Weekend,4.0,Low,Rain,61.9923
9.72,Afternoon,Weekend,2.0,High,Clear,36.2571
48.09,Afternoon,Weekend,1.0,High,Clear,90.4747
8.28,Night,Weekday,4.0,Medium,Snow,19.4986
49.85,Morning,Weekday,3.0,Medium,Clear,76.737
30.17,Afternoon,Weekday,4.0,Medium,Clear,99.0039
37.75,Evening,Weekday,2.0,Medium,Snow,30.0888
45.0,Evening,Weekend,3.0,High,Clear,72.13080000000001
11.05,Night,Weekday,4.0,Medium,Clear,15.5675
4.22,Evening,Weekday,3.0,Low,Clear,25.095
39.0,Evening,Weekend,1.0,Low,Clear,90.8983
23.21,Afternoon,Weekday,4.0,Medium,Clear,45.85979999999999
26.7,Morning,Weekend,1.0,Medium,Clear,47.8069
22.6,Afternoon,Weekday,1.0,Medium,Clear,51.058800000000005
20.64,Night,Weekday,3.0,Low,Clear,40.2564
28.42,Night,Weekday,3.0,Medium,Snow,59.74210000000001
8.61,Morning,Weekday,3.0,Low,Clear,32.2544
43.23,Morning,Weekday,2.0,Low,Rain,70.8329
19.29,Evening,Weekend,3.0,Low,Clear,48.2843
2.24,Evening,Weekend,3.0,Medium,Clear,8.6709
8.65,Afternoon,Weekday,3.0,Medium,Rain,16.1592
33.29,Afternoon,Weekday,3.0,High,Clear,50.996100000000006
11.88,Afternoon,Weekday,2.0,Medium,Clear,22.7573
12.32,Afternoon,Weekday,3.0,Low,Clear,19.9427
33.92,Evening,Weekend,4.0,Low,Clear,36.09780000000001
1.97,Afternoon,Weekday,1.0,Medium,Clear,32.428200000000004
40.2,Morning,Weekday,3.0,High,Clear,78.18800000000002
9.75,Afternoon,Weekend,1.0,Medium,Clear,45.2855
32.98,Morning,Weekday,3.0,High,Clear,78.64779999999999
5.87,Evening,Weekend,4.0,Low,Clear,28.0701
36.39,Morning,Weekday,4.0,Low,Clear,94.5643
42.93,Afternoon,Weekday,2.0,Medium,Clear,43.19980000000001
33.74,Afternoon,Weekday,4.0,High,Rain,56.3682
11.04,Evening,Weekend,2.0,High,Clear,11.596999999999998
15.36,Afternoon,Weekday,1.0,Low,Clear,16.9168
44.92,Morning,Weekday,2.0,Low,Clear,101.8744
1.64,Afternoon,Weekday,3.0,Low,Clear,32.7396
5.19,Evening,Weekday,4.0,Low,Rain,12.7333
9.89,Evening,Weekday,2.0,Low,Snow,38.95910000000001
13.71,Afternoon,Weekday,3.0,Low,Clear,22.3206
31.58,Night,Weekend,1.0,Medium,Rain,54.3684
21.06,Afternoon,Weekend,3.0,Medium,Clear,44.7904
28.05,Afternoon,Weekday,1.0,Medium,Clear,45.9215
22.37,Evening,Weekday,3.0,Medium,Clear,34.376400000000004
15.43,Evening,Weekend,3.0,Medium,Clear,48.2267
38.42,Afternoon,Weekday,1.0,Low,Clear,54.76660000000001
7.87,Afternoon,Weekday,2.0,Low,Clear,26.1975
24.88,Morning,Weekend,2.0,High,Clear,55.3432
44.83,Afternoon,Weekend,3.0,Medium,Snow,64.7223
40.19,Afternoon,Weekday,1.0,Medium,Clear,52.9218
21.84,Evening,Weekday,4.0,Low,Clear,46.639
14.17,Afternoon,Weekend,4.0,Low,Snow,19.7235
27.54,Afternoon,Weekend,1.0,Low,Clear,80.7576
13.64,Morning,Weekday,4.0,Medium,Rain,39.275
7.83,Afternoon,Weekday,4.0,Medium,Clear,29.3753
41.91,Afternoon,Weekday,2.0,Medium,Clear,63.7777
49.24,Afternoon,Weekday,2.0,Medium,Clear,54.67150000000001
26.76,Afternoon,Weekday,2.0,High,Clear,42.398
1.9,Morning,Weekend,1.0,Low,Clear,29.9812
6.77,Afternoon,Weekend,2.0,High,Clear,10.4444
14.43,Morning,Weekday,4.0,High,Clear,29.0627
28.15,Afternoon,Weekday,2.0,High,Clear,22.2951
32.92,Evening,Weekday,4.0,Low,Clear,38.8456
11.11,Evening,Weekend,3.0,Medium,Clear,25.1652
1.54,Afternoon,Weekday,3.0,High,Clear,9.8718
43.82,Afternoon,Weekday,4.0,Low,Clear,73.3691
30.27,Afternoon,Weekend,4.0,Medium,Clear,41.0174
30.43,Morning,Weekend,2.0,Medium,Clear,65.0136
33.59,Morning,Weekday,4.0,Medium,Clear,55.5074
9.59,Afternoon,Weekend,2.0,High,Clear,20.2164
21.52,Night,Weekend,3.0,High,Rain,93.5096
19.77,Night,Weekday,4.0,Low,Clear,47.6252
26.43,Afternoon,Weekend,4.0,Medium,Clear,58.65549999999999
3.3,Afternoon,Weekend,2.0,Low,Clear,33.183
9.15,Afternoon,Weekday,2.0,Medium,Snow,48.8108
37.16,Evening,Weekend,1.0,Medium,Snow,46.3014
18.43,Afternoon,Weekend,2.0,Low,Clear,45.03040000000001
28.75,Afternoon,Weekend,2.0,High,Rain,59.68299999999999
24.33,Morning,Weekday,3.0,High,Clear,33.7362
46.9,Evening,Weekday,4.0,High,Clear,48.44540000000001
36.9,Morning,Weekend,4.0,Low,Clear,100.5938
2.53,Morning,Weekday,2.0,Medium,Clear,56.688500000000005
13.85,Night,Weekday,4.0,Medium,Clear,59.6075
25.32,Evening,Weekend,4.0,Medium,Rain,62.7976
30.25,Evening,Weekend,2.0,Medium,Clear,46.0189
17.38,Morning,Weekday,2.0,Low,Rain,23.1248
38.77,Evening,Weekday,1.0,Medium,Clear,38.6747
6.22,Afternoon,Weekend,4.0,Medium,Clear,46.6313
4.68,Afternoon,Weekend,4.0,Medium,Rain,53.6582
36.68,Morning,Weekday,4.0,Low,Clear,85.5747
34.73,Evening,Weekday,4.0,Low,Clear,44.88589999999999
22.31,Afternoon,Weekday,2.0,Low,Clear,54.6247
41.14,Evening,Weekend,3.0,Medium,Rain,82.44200000000001
40.17,Evening,Weekday,3.0,Low,Clear,56.6394
14.34,Afternoon,Weekday,1.0,Medium,Clear,30.7837
18.69,Evening,Weekday,3.0,Medium,Clear,51.8548
5.49,Afternoon,Weekend,4.0,Medium,Clear,34.4049
47.56,Morning,Weekday,1.0,Low,Clear,61.209
